Name,Sunday,Monday,Tuesday,Wednesday,Thursday,Friday,Saturday,Time,Schedule,Location,City,Location Info,Island,Coordinate,Website,Contact,Phone,Email
Akebono Farmers’ Market,7:00 AM to 2:00 PM,,,,,,,7:00 AM to 2:00 PM,,,Pahoa,Akebono Parking Lot,Hawaii,"(19.49469006600043, -154.94809898999975)",,Vinton,(808) 965-9205,
Ala Moana Farmers' Market,,,,,,,9:00 AM to 1:00 PM,9:00 AM to 1:00 PM,,1450 Ala Moana Blvd,Honolulu,"Ala Moana Center, upper deck by Sears, corner of Piikoi & Ala Moana Blvd.",Oahu,"(21.28928015800045, -157.84219969299974)",alamoanafarmersmarket.com/ala-moana.html,,(808) 388-9696,AlaMoanaFarmersMarket@gmail.com
Alii Garden Market Place,9:00 AM to 5:00 PM,,,9:00 AM to 5:00 PM,9:00 AM to 5:00 PM,9:00 AM to 5:00 PM,9:00 AM to 5:00 PM,9:00 AM to 5:00 PM,,75-6129 Alii Drive,Kailua-Kona,,Hawaii,"(19.61399064100044, -155.98165889099974)",,,(808) 334-1381,
Banyan Court Mall (People's Open Market),,,,,,,6:15 AM to 7:30 AM,6:15 AM to 7:30 AM,,800 North King Street,Honolulu,,Oahu,"(21.302690421000477, -157.85208973299973)",www.co.honolulu.hi.us/parks/programs/pom,,(808) 522-7088,
Benjamin Parker Elementary School,,,,,,,8:00 AM to 2:00 PM,8:00 AM to 2:00 PM,,45-259 Waikalua Road,Kaneohe,,Oahu,"(21.413500808000435, -157.79883930699975)",www.mahikufarmersmarket.com,Sonny Doung,(808) 225-4002,sonnydoung@hotmail.com
City Hall Parking Lot Deck (People's Open Market),,11:45 AM to 12:30 PM,,,,,,11:45 AM to 12:30 PM,,,Honolulu,Alapai & Beretania Street,Oahu,"(21.304850435000446, -157.85774940299973)",www.co.honolulu.hi.us/parks/programs/pom,,(808) 522-7088,
Country Market & Craft Fair at Waimanalo Homestead Community Center,9:00 AM to 4:00 PM,,,,,,,9:00 AM to 4:00 PM,,1330 Kalanianaole Hwy,,Waimanalo Homestead Community Center,Oahu,,,Paul Richard,"(808) 284-2575, (808) 259-8611",
Davies Pacific Center,,,10:00 AM to 1:00 PM,,,,,10:00 AM to 1:00 PM,2nd and 4th Tuesdays,841 Bishop Street,Honolulu,,Oahu,"(21.307830753000474, -157.86242916299975)",,,,
Dole Cannery,,,,,,10:00 AM to 5:00 PM,,10:00 AM to 5:00 PM,,650 Iwilei Road,Honolulu,,Oahu,"(21.316240109000432, -157.87050896699975)",,Doreen Rozemond,,drozemond@castlecooke.com
Ewa Beach Community Park (People's Open Market),,,,,,9:00 AM to 10:00 AM,,9:00 AM to 10:00 AM,,91-955 North Road,Ewa Beach,,Oahu,"(21.31354031200044, -158.00906976999974)",www.co.honolulu.hi.us/parks/programs/pom,,(808) 522-7088,
Ewa Beach Elementary School,9:00 AM to 1:00 PM,,,,,,,9:00 AM to 1:00 PM,,91-740 Papipi Road,Ewa Beach,,Oahu,"(21.31503419100045, -158.01439823499973)",www.mahikufarmersmarket.com,Sonny Doung,(808) 225-4002,sonnydoung@hotmail.com
Farmers' Market of Maui-Honokowai,,7:00 AM to 11:00 AM,,7:00 AM to 11:00 AM,,7:00 AM to 11:00 AM,,7:00 AM to 11:00 AM,,3636 Lower Honoapi‘ilani Road,Lahina,Location at Hawaiian Motors parking lot (across from Honokowai Park),Maui,"(20.917090441000425, -156.68139921299974)",,,(808) 669-7004,
Farmers' Market of Maui-Kihei,,8:00 AM to 4:00 PM,8:00 AM to 4:00 PM,8:00 AM to 4:00 PM,8:00 AM to 4:00 PM,8:00 AM to 4:00 PM,,8:00 AM to 4:00 PM,,61 South Kihei Road,Kihei,Located in Suda Store parking lot on South Kihei Road,Maui,"(20.781950970000423, -156.46301909199974)",,,(808) 875-0949,
Fern Forest Town Market,,,,,,,9:00 AM to 1:00 PM,9:00 AM to 1:00 PM,2nd Saturdays,,,,Hawaii,,,Jan,(808) 968-8631,
First Insurance Center,,,,10:00 AM to 1:00 PM,,,,10:00 AM to 1:00 PM,1st and 3rd Wednesdays,1100 Ward Ave,Honolulu,across from Thomas Square,Oahu,"(21.30303034500048, -157.84976903599974)",,,,
Fort Street near Wilcox Park,,,8:00 AM to 2:00 PM,,,8:00 AM to 2:00 PM,,8:00 AM to 2:00 PM,,,Honolulu,In front of Macy's,Oahu,"(21.304850435000446, -157.85774940299973)",www.local-farmers-markets.com/market/1162/honolulu/fort-street-near-wilcox-park,Lori Zane,(808) 777-9216,
Halawa District Park (People's Open Market),,,,,,7:00 AM to 8:00 AM,,7:00 AM to 8:00 AM,,99-795 Iwaiwa Street,,,Oahu,,www.co.honolulu.hi.us/parks/programs/pom,,(808) 522-7088,
Hale'iwa Farmers' Market,9:00 AM to 1:00 PM,,,,,,,9:00 AM to 1:00 PM,,,,Kam Hwy. and Joseph P. Leong Bypass,Oahu,"(21.304850435000446, -157.85774940299973)",www.haleiwafarmersmarket.com,,(808) 388-9696,haleiwafarmersmarket@gmail.com
Hali'imaile Farmers' Market at Hali'imaile Town Center,,,,,,1:00 PM to 6:00 PM,,1:00 PM to 6:00 PM,,900 Haliimaile Rd,Makawao,in former Maui Pineapple Co. parking lot next to Hali'imaile General Store,Maui,"(20.868329790000473, -156.34021118699974)",,,(808) 463-1676,
Hana Fresh Market,,,,,,,,,,4590 H?na Highway,Hana,between mile markers 34 and 35.,Maui,"(20.64924257700045, -156.06698936499973)",,,(808) 248-7515,
Hanalei Saturday Market,,,,,,,9:00 AM to 1:30 PM,9:00 AM to 1:30 PM,,PO Box 822,Hanalei,,Kauai,"(22.201686187000462, -159.50311687099975)",www.halehalawai.org/market.htm,Stephanie Struble,(808) 826-1011,
Hanapepe Park (Sunshine Markets),,,,,3:00 PM,,,3:00 PM,,,,Old Hanapepe Town,Kauai,,,Cora Asuncion,(808) 742-1834,
Hawaii Kai Farmers' Market at Kaiser High School,,,,,,,9:00 AM to 1:00 PM,9:00 AM to 1:00 PM,,511 Lunalilo Home Road,Honolulu,Kaiser High School parking lot,Oahu,"(21.286071053000455, -157.69769887499973)",www.makekeomaunalua.com,,(808) 388-9696,
Hawaii Kai Park-n-Ride (People's Open Market),,,,,,,1:00 PM to 2:00 PM,1:00 PM to 2:00 PM,,300 Keahole Street,Honolulu,,Oahu,"(21.284702499000446, -157.71043000699973)",www.co.honolulu.hi.us/parks/programs/pom,,(808) 522-7088,
Hawaii Kai Towne Center,,7:30 AM to 3:00 PM,,7:30 AM to 3:00 PM,,,7:30 AM to 3:00 PM,7:30 AM to 3:00 PM,,333 Keahole Street,Honolulu,behind Panda Express,Oahu,"(21.28424007500047, -157.71158963799974)",,,(808) 396-0766,
Hawaiian Farmers of Hanalei,,,2:00 PM,,,,,2:00 PM,,,Hanalei,"Waipa, Hanalei",Kauai,,,,,
Hawaiian Homestead Farmers’ Market at Kuhio Hale Building,,,,,,,7:00 AM to 12:00 PM,7:00 AM to 12:00 PM,,64-759 Kahilu Road,Waimea,located at Kuhio Hale Building,Hawaii,,,,,
"Hilo Coffee Mill ""Market @ The Mill""",,,,,,,8:00 AM to 1:00 PM,8:00 AM to 1:00 PM,,17-995 Volcano Rd,,"Hilo Coffee Mill Farm, Between Mile Markers 12 & 13",Hawaii,,,Katherine Patton,(808) 968-1333,
Hilo’s Farmer’s Market,,,,6:00 AM to 4:00 PM,,,6:00 AM to 4:00 PM,6:00 AM to 4:00 PM,,,,Corner of Kamehameha Avenue and Mamo Street,Hawaii,,www.hilofarmersmarket.com,Keith,(808) 933-1000,
Ho'oulu Community Farmers Market at Keauhou Beach Resort Royal Gardens,,,,12:30 PM to 5:30 PM,,,,12:30 PM to 5:30 PM,,,,,Hawaii,,,Kumu Keala Ching,(808) 324-2540,keala.ching@outrigger.com
"Honokaa Farmer’s Market at Old Botelho Bldg., Downtown Honokaa",,,,,,,7:30 AM to 2:00 PM,7:30 AM to 2:00 PM,,,,,Hawaii,,,,,
Honolulu Farmers' Market at Neal S. Blaisdell Center,,,,4:00 PM to 7:00 PM,,,,4:00 PM to 7:00 PM,,777 Ward Ave,Honolulu,Ward Ave. & King Street,Oahu,"(21.29999544000043, -157.85177574799974)",www.hfbf.org,,(808) 848-2074,
International Market Place,,,,,4:00 PM to 8:00 PM,,,4:00 PM to 8:00 PM,,2330 Kalakaua Avenue,Honolulu,Next to Food Court,Oahu,"(21.277500376000432, -157.82711977399973)",www.mahikufarmersmarket.com,Sonny Doung,(808) 225-4002,sonnydoung@hotmail.com
Kahaluu Farmers' Market at Windward Baptist Church,,,,,,3:00 PM to 7:00 PM,,3:00 PM to 7:00 PM,,47-528A Kamehameha Hwy,,Across from 7-11,Oahu,,www.mahikufarmersmarket.com,Sonny Doung,(808) 225-4002,sonnydoung@hotmail.com
Kailua District Park (People's Open Market),,,,,9:00 AM to 10:00 AM,,,9:00 AM to 10:00 AM,,21 South Kainalu Drive,Kailua-Kona,,Oahu,"(21.39584092800044, -157.73751944899973)",www.co.honolulu.hi.us/parks/programs/pom,,(808) 522-7088,
Kailua Elementary School,,,,,,,4:00 PM to 8:00 PM,4:00 PM to 8:00 PM,,315 Kuulei Road,Kailua-Kona,parking lot,Oahu,,www.mahikufarmersmarket.com,Sonny Doung,(808) 225-4002,sonnydoung@hotmail.com
Kaka'ako Makai Community Cultural Marketplace,,,,,,4:30 PM to 8:00 PM,9:00 AM to 2:00 PM,"9:00 AM to 2:00 PM, 4:30 PM to 8:00 PM",Every Friday and Saturday,,Honolulu,one block makai of Ala Moana Blvd. & Ward Ave. corner Ilalo & Ahui Sts.,Oahu,"(21.304850435000446, -157.85774940299973)",www.KakaakoMakaiMarket.com,,(808) 330-6224,
Kalaheo Neighborhood Center (Sunshine Markets),,,3:00 PM,,,,,3:00 PM,,,Kalaheo,"Papalina Road off Kaumualii, Kalaheo",Kauai,"(21.90751165800043, -159.51190744899975)",,Matilda Adams at the site,,
Kalihi Farmers' Market at Kapalama Elementary School,7:00 AM to 1:00 PM,,,,,,,7:00 AM to 1:00 PM,,1601 N. School Street,Honolulu,Kapalama Elementary School,Oahu,"(21.335250464000467, -157.86880934999974)",www.mahikufarmersmarket.com,Sonny Doung,(808) 225-4002,sonnydoung@hotmail.com
Kalihi Valley District Park (People's Open Market),,,,,,,10:00 AM to 10:45 AM,10:00 AM to 10:45 AM,,1911 Kam IV Road,Honolulu,,Oahu,"(21.304850435000446, -157.85774940299973)",www.co.honolulu.hi.us/parks/programs/pom,,(808) 522-7088,
Kaneohe District Park (People's Open Market),,,,,10:45 AM to 11:45 AM,,,10:45 AM to 11:45 AM,,45-660 Keaahala Road,Kaneohe,,Oahu,"(21.409360657000434, -157.81028953799975)",www.co.honolulu.hi.us/parks/programs/pom,,(808) 522-7088,
Kapaa New Town Park (Sunshine Markets),,,,3:00 PM,,,,3:00 PM,,,Kapaa,Kahau Road,Kauai,,,Nancy Blalock,(808) 822-5887,
Kapolei Community Park (People's Open Market),7:00 AM to 8:30 AM,,,,,,,7:00 AM to 8:30 AM,,91-1049 Kamaaha Loop,Kapolei,,Oahu,"(21.333890771000426, -158.06702957399975)",www.co.honolulu.hi.us/parks/programs/pom,,(808) 522-7088,
Kauai Community Market (Kauai Community College),,,,,,,10:00 AM to 1:00 PM,10:00 AM to 1:00 PM,,,,Campus front parking lot across from Grove Farm,Kauai,,,Melissa McFerrin,(808) 337-9944,kcfb@hawaiiantel.net
Kaumualii Street (People's Open Market),,,,,,,8:15 AM to 9:30 AM,8:15 AM to 9:30 AM,,,Honolulu,Kalihi Street,Oahu,"(21.304850435000446, -157.85774940299973)",www.co.honolulu.hi.us/parks/programs/pom,,(808) 522-7088,
Ka’u Farmers’ Market,,,,7:00 AM to 12:00 PM,,,7:00 AM to 12:00 PM,7:00 AM to 12:00 PM,,,Ka’u,"In Front of Ace Hardware, Ka’u",Hawaii,,,Dennis & Marge,(808) 929-7239,dewell@hawaii.rr.com
Keaau Village Farmers’ Market,,,7:00 AM to 5:00 PM,7:00 AM to 5:00 PM,7:00 AM to 5:00 PM,7:00 AM to 5:00 PM,7:00 AM to 5:00 PM,7:00 AM to 5:00 PM,,16-0550 Old Volcano Road,,,Hawaii,,,,(808) 966-4853,
Keauhou Farmer’s Market at Keauhou Shopping Center,,,,,,,8:00 AM to 12:00 PM,8:00 AM to 12:00 PM,,,,fronting Ace Hardware,Hawaii,,,Nancy,"(808) 322-2362, (808) 322-3118",nkona@hawaii.rr.com
Kekaha Neighborhood Center (Sunshine Markets),,,,,,,9:00 AM,9:00 AM,,,Kekaha,Elepaio Road,Kauai,,,Cora Asuncion,(808) 742-1834,
Kekela Farm,,,2:00 PM to 5:00 PM,,2:00 PM to 5:00 PM,2:00 PM to 5:00 PM,,2:00 PM to 5:00 PM,,64-604 Mana Road,,,Hawaii,,,,(808) 887-0023,
Kilauea Neighborhood Center (Sunshine Markets),,,,,4:30 PM,,,4:30 PM,,,Kilauea,Keneke off Lighthouse Road,Kauai,,,Ben Ferris,(808) 822-1712,
King's Village Shopping Center,,,,,,4:00 PM to 9:00 PM,,4:00 PM to 9:00 PM,,131 Kaiulani Ave,Honolulu,,Oahu,"(21.27717082300046, -157.82522887899975)",www.kings-village.com,,(808) 237-6340,
Kinoole Farmer's Market,,,,,,,7:00 AM to 12:00 PM,7:00 AM to 12:00 PM,,1990 Kinoole Street,Hilo,,Hawaii,"(19.690021148000426, -155.06952407299974)",,Lori,(808) 557-2780,bifb@hawaiiantel.net
Koloa Ball Park (Knudsen) (Sunshine Markets),,,,,,,,,Noon,,Koloa,Maluhia Road,Kauai,,,Branch Harmony,(808) 322-0718,
Kona Farmers’ Market,7:00 AM to 5:00 PM,,,,7:00 AM to 5:00 PM,7:00 AM to 5:00 PM,7:00 AM to 5:00 PM,7:00 AM to 5:00 PM,,74-5465 Kamakaeha Avenue,Kailua-Kona,"Makapua Center - In front of K-Mart, Kailua-Kona",Hawaii,,,Bob Gagne,(808) 333-2478,gagner001@hawaii.rr.com
Kukui Grove Shopping Center,,3:00 PM,,,,,,3:00 PM,,,Lihue,,Kauai,"(21.978857825000432, -159.36718896099975)",,,,
Laupahoehoe Farmers' Market,9:00 AM to 1:00 PM,,,,,,,9:00 AM to 1:00 PM,Every Sunday,,,Laupahoehoe - next to the Minit Stop on Hwy. 19,Hawaii,,,Beth Fulton,(808) 443-1679,bethflo@hotmail.com
Lipoa Street Farmers' Market,,,,,,,8:00 AM to 12:00 PM,8:00 AM to 12:00 PM,,95 Lipoa Street,Kihei,Liipoa Street in Kihei,Maui,"(20.747920615000453, -156.45249990599973)",,,,
Mahiku Farmers' Market at International Market Place-Waikiki,,,,,4:00 PM to 8:00 PM,,,4:00 PM to 8:00 PM,,,Honolulu,International Market Place-Waikiki (near the Food Court),Oahu,"(21.304850435000446, -157.85774940299973)",www.mahikufarmersmarket.com,Sonny Doung,(808) 225-4002,sonnydoung@hotmail.com
Mahiku Farmers' Market at Momilani Community Center,,,,,,3:00 PM to 7:00 PM,,3:00 PM to 7:00 PM,,715 Hoomoana St,Pearl City,corner of Hoomoana & Komo Mai Dr,Oahu,"(21.408970034000447, -157.96024986999973)",www.mahikufarmersmarket.com,Sonny Doung,(808) 225-4002,sonnydoung@hotmail.com
Makawao Farmers' Market,,,,9:30 AM to 2:00 PM,,,,9:30 AM to 2:00 PM,,200 Olinda Rd,Makawao,Po'okela Church on Olinda Road,Maui,"(20.849390600000447, -156.30839892799975)",makawaofarmersmarket.org,Debbie,(808) 419-1570,
Makeke Kapolei,,,,,3:00 PM to 6:30 PM,,,3:00 PM to 6:30 PM,,,Kapolei,Kapolei High School,Oahu,"(21.334220008000443, -158.08191927499973)",,,(808) 697-3599,
Makiki District Park (People's Open Market),,8:30 AM to 9:30 AM,,,,,,8:30 AM to 9:30 AM,,1527 Keeaumoku Street,Honolulu,,Oahu,"(21.30367101400043, -157.83730940699974)",www.co.honolulu.hi.us/parks/programs/pom,,(808) 522-7088,
Makiki Local Grown Farmers' Market at St. Clement's Church,,,,,4:30 PM to 7:30 PM,,,4:30 PM to 7:30 PM,,1515 Wilder Avenue at Makiki St,Honolulu,Parking on Wilder after 5:30 p.m.,Oahu,"(21.30376089200047, -157.83456927999973)",www.farmfreshhawaii.com,George Lee,(808) 735-4550,georgelee2468@gmail.com
Maku’u Farmer’s Market,6:00 AM to 1:30 PM,,6:00 AM to 1:30 PM,6:00 AM to 1:30 PM,6:00 AM to 1:30 PM,,,6:00 AM to 1:30 PM,,,,"Highway 130, between Keaau and Pahoa",Hawaii,,,,"(808) 217-2307, (808) 965-1441, (808) 896-5537",kekahuna@localnet.com
Mamo Street Market,8:00 AM to 5:00 PM,8:00 AM to 5:00 PM,8:00 AM to 5:00 PM,8:00 AM to 5:00 PM,8:00 AM to 5:00 PM,8:00 AM to 5:00 PM,8:00 AM to 5:00 PM,8:00 AM to 5:00 PM,,,Hilo,"Mamo Parking Lot, Hilo",Hawaii,,,,,
Manoa Marketplace,7:00 AM to 11:00 AM,,7:00 AM to 11:00 AM,,7:00 AM to 11:00 AM,,,7:00 AM to 11:00 AM,,2752 Woodlawn Drive,Honolulu,,Oahu,"(21.307510418000447, -157.80973989899974)",,,"(808) 554-4667, (808) 847-0494",
Manoa Valley District Park (People's Open Market),,6:45 AM to 7:45 AM,,,,,,6:45 AM to 7:45 AM,,2721 Kaaipu Avenue,Honolulu,,Oahu,"(21.313510263000467, -157.81033479899975)",www.co.honolulu.hi.us/parks/programs/pom,,(808) 522-7088,
Maui Mall Farmers' Market & Craft Fair,,,7:00 AM to 4:00 PM,7:00 AM to 4:00 PM,,7:00 AM to 4:00 PM,,7:00 AM to 4:00 PM,,70 East Kaahumanu Ave,Kahului,"Maui Mall, Kahului",Maui,"(20.892510160000427, -156.46427968799975)",,Cynda Hearn,(808) 871-1307,
"Maui Open Market, Maui Tropical Plantation",,,10:00 AM to 4:00 PM,10:00 AM to 4:00 PM,10:00 AM to 4:00 PM,10:00 AM to 4:00 PM,10:00 AM to 4:00 PM,10:00 AM to 4:00 PM,,1670 HONOAPIILANI HWY,Wailuku,,Maui,"(20.85027094500043, -156.50449895199975)",,,(808) 244-7643,
Maui Swap Meet at Maui Community College,,,,,,,6:00 AM to 1:00 PM,6:00 AM to 1:00 PM,,310 Ka'ahumanu Avenue,Kahului,Maui Community College (lot nearest to Kahului Beach Road),Maui,"(20.88888047000046, -156.47681997699974)",,,(808) 877-3100,
Merchant Street Market,,,10:00 AM to 1:00 PM,,,,,10:00 AM to 1:00 PM,2nd and 4th Tuesdays,841 Bishop Street,Honolulu,,Oahu,"(21.307830753000474, -157.86242916299975)",,,(808) 545-4477,dpcinfo@isleconcierge.com
Mililani District Park (People's Open Market),,,11:45 AM to 12:30 PM,,,,,11:45 AM to 12:30 PM,,94-1150 Lanikuhana Avenue,Mililani,,Oahu,"(21.440746715000444, -158.01797200199974)",www.co.honolulu.hi.us/parks/programs/pom,,(808) 522-7088,
Molokai Saturday Market,,,,,,,7:00 AM to 12:00 PM,7:00 AM to 12:00 PM,,40 Ala Malama Street,Kaunakakai,"Ala Malama Street at the Thomas Trade Building, located between Bank of Hawai‘i and American Savings Bank.",Molokai,"(21.09017112200047, -157.02199661599974)",,,,
Mother Waldron Park (People's Open Market),,10:15 AM to 11:00 AM,,,,,,10:15 AM to 11:00 AM,,525 Coral Street,Honolulu,,Oahu,"(21.300129225000433, -157.85790736199974)",www.co.honolulu.hi.us/parks/programs/pom,,(808) 522-7088,
North Shore Country Market at Sunset Beach Elementary School,,,,,,,8:00 AM to 2:00 PM,8:00 AM to 2:00 PM,,,Haleiwa,,Oahu,"(21.58948073400046, -158.10290913599974)",www.northshorecountrymarket.com,,(808) 237-8248,
Nuuanu Farmers Market at Honolulu Central Seventh Day Adventist Church,,,4:00 PM to 7:00 PM,,,,,4:00 PM to 7:00 PM,,2313 Nuuanu Avenue,Honolulu,Honolulu Central Seventh Day Adventist Church,Oahu,"(21.326480443000435, -157.84731928399975)",,,(808) 282-2276,nuuanumarket@gmail.com
Old Stadium Park (People's Open Market),,,,8:15 AM to 9:15 AM,,,,8:15 AM to 9:15 AM,,2237 South King Street,Honolulu,,Oahu,"(21.293791309000426, -157.82719811599975)",www.co.honolulu.hi.us/parks/programs/pom,,(808) 522-7088,
Ono Organic Farms Farmers' Market in Hana,10:00 AM to 6:00 PM,10:00 AM to 6:00 PM,10:00 AM to 6:00 PM,10:00 AM to 6:00 PM,10:00 AM to 6:00 PM,10:00 AM to 6:00 PM,10:00 AM to 6:00 PM,10:00 AM to 6:00 PM,,149 Hana Highway,Hana,"Old gas station, Hasegawa General Store - Hana Hwy.",Maui,"(20.80699101600044, -156.09087728399973)",,,(808) 248-7779,
Paia’s One Love Farmers Market,10:00 AM to 4:00 PM,10:00 AM to 4:00 PM,10:00 AM to 4:00 PM,10:00 AM to 4:00 PM,10:00 AM to 4:00 PM,10:00 AM to 4:00 PM,10:00 AM to 4:00 PM,10:00 AM to 4:00 PM,,381 Baldwin Ave,Paia,Historical Paia train depot,Maui,"(20.906238207000456, -156.37416925199975)",www.lahainaproduce.com,,,
Palolo Valley District Park (People's Open Market),,,,6:30 AM to 7:30 AM,,,,6:30 AM to 7:30 AM,,2007 Palolo Avenue,Honolulu,,Oahu,"(21.30061055100043, -157.79599893199975)",www.co.honolulu.hi.us/parks/programs/pom,,(808) 522-7088,
Panaewa Hawaiian Home Lands Farmers’ Market,8:00 AM to 5:00 PM,8:00 AM to 5:00 PM,8:00 AM to 5:00 PM,8:00 AM to 5:00 PM,8:00 AM to 5:00 PM,8:00 AM to 5:00 PM,8:00 AM to 5:00 PM,8:00 AM to 5:00 PM,,,,"Corner of Puainako and Ohuohu., On the sidewalk of Hilo WalMart",Hawaii,,,Jerry,(808) 959-0488,
Pokai Bay Beach Park (People's Open Market),,,,,,11:00 AM to 11:45 AM,,11:00 AM to 11:45 AM,,85-037 Pokai Bay Road,Waianae,,Oahu,"(21.44185853600044, -158.18862608699973)",www.co.honolulu.hi.us/parks/programs/pom,,(808) 522-7088,
Queen Kapiolani Park (People's Open Market),,,,10:00 AM to 11:00 AM,,,,10:00 AM to 11:00 AM,,,Honolulu,Monsarrat and Paki Street,Oahu,"(21.304850435000446, -157.85774940299973)",www.co.honolulu.hi.us/parks/programs/pom,,(808) 522-7088,
Queen's Medical Center,,,,10:00 AM to 2:00 PM,,,,10:00 AM to 2:00 PM,1st Wednesdays,1301 Punchbowl Street,Honolulu,,Oahu,"(21.307250002000444, -157.85527925099973)",,,,
Restaurant Row Farmers' Market,,,,10:00 AM to 1:00 PM,,,,10:00 AM to 1:00 PM,Every Wednesday,500 Ala Moana Boulevard,Honolulu,,,,,,(808) 537-5158,wfpinfo@isleconcierge.com
Royal Kunia Park-n-Ride (People's Open Market),9:30 AM to 11:00 AM,,,,,,,9:30 AM to 11:00 AM,,,Waipahu,Kupuna Lp / Kupohi Stree,Oahu,"(21.385861307000425, -158.00350991899975)",www.co.honolulu.hi.us/parks/programs/pom,,(808) 522-7088,
Salt Lake Municipal Lot  (People's Open Market),,,,,,,11:15 AM to 12:00 PM,11:15 AM to 12:00 PM,,5337 Likini Street,Honolulu,,Oahu,"(21.34594295700043, -157.90491127999974)",www.co.honolulu.hi.us/parks/programs/pom,,(808) 522-7088,
South Kona Fruit Stand,9:00 AM to 6:00 PM,9:00 AM to 6:00 PM,9:00 AM to 6:00 PM,9:00 AM to 6:00 PM,9:00 AM to 6:00 PM,9:00 AM to 6:00 PM,9:00 AM to 6:00 PM,9:00 AM to 6:00 PM,,84-4770 Mamalahoa Hwy,Captain Cook,"Near the old Higashi Store, between mile marker 103 &104",Hawaii,,,Beth,(808) 328-8547,
The Kailua Thursday Night Farmers Market,,,,,5:00 PM to 7:30 PM,,,5:00 PM to 7:30 PM,,,Kailua-Kona,Kailua Road - Kailua Parking Garage (behind Longs),Oahu,"(21.396571048000453, -157.74006959799974)",www.hfbf.org,,(808) 848-2074,
The Market Place,,,,7:00 AM to 3:00 PM,,,,7:00 AM to 3:00 PM,,,,Across from the Hilo Farmer’s Market,Hawaii,,www.hilofarmersmarket.com,Keith,(808) 933-1000,
The Maui's Fresh Produce Farmer's Market at Queen Ka'ahumanu Shopping Center,,,7:00 AM to 4:00 PM,7:00 AM to 4:00 PM,,7:00 AM to 4:00 PM,,7:00 AM to 4:00 PM,,275 W. Ka’ahumanu Ave,Kahului,Center stage area,Maui,"(20.881122485000446, -156.47201774299972)",,,(808) 877-4325,
The Mililani Sunday Farmers' Market at Mililani High School,8:00 AM to 12:00 PM,,,,,,,8:00 AM to 12:00 PM,,95-1200 Meheula Parkway,Mililani,Mililani High School Parking Lot,Oahu,"(21.452906795000445, -158.00846980399973)",www.hfbf.org,,(808) 848-2074,
The Saturday Farmers' Market at Kapiolani Community College Campus,,,,,,,7:30 AM to 11:00 AM,7:30 AM to 11:00 AM,,4303 Diamond Head Road,Honolulu,,Oahu,"(21.26960032800048, -157.80306933599974)",www.hfbf.org,,(808) 848-2074,
The South Kona Green Market at Amy Greenwell Ethnobotanical Garden,9:00 AM to 2:00 PM,,,,,,9:00 AM to 2:00 PM,9:00 AM to 2:00 PM,,,Captain Cook,,Hawaii,"(19.496937200000446, -155.92166908399975)",www.skgm.org,Esta Feedora,(808) 328-2400,
Under the Banyan’s Farmers’ Market in Hawi,,,,,,,7:30 AM to 1:00 PM,7:30 AM to 1:00 PM,,,,,Hawaii,,,,,
Upcountry Farmers' Market at Pukalani Longs Drugs at Kulamalu,,,,,,,7:00 AM to 12:00 PM,7:00 AM to 12:00 PM,,55 Kiopaa St,Makawao,in the parking lot next to Long's  Drugs at Kulamalu,Maui,"(20.822089506000452, -156.33009308199973)",,,,info@upcountryfarmersmarket.com
Vidinha Stadium (Sunshine Markets),,,,,,3:00 PM,,3:00 PM,,,Lihue,Hoolako Road,Kauai,"(21.967180168000425, -159.36190806199974)",,Cora Asuncion,(808) 742-1834,
Village Farmers’ Market,8:00 AM to 5:00 PM,,,,8:00 AM to 5:00 PM,8:00 AM to 5:00 PM,8:00 AM to 5:00 PM,8:00 AM to 5:00 PM,,,Kailua-Kona,"Across from Hale Halawai, Kailua-Kona",Hawaii,,,,,
Volcano Farmers’ Market,7:00 AM to 9:00 AM,,,,,,,7:00 AM to 9:00 AM,,1000 Wright Road,Cooper Center,,Hawaii,,,Betsy Mitchell,(808) 967-7209,
Wahiawa District Park (People's Open Market),,,10:00 AM to 11:00 AM,,,,,10:00 AM to 11:00 AM,,,Wahiawa,N. Cane & California Avenue,Oahu,"(21.304850435000446, -157.85774940299973)",www.co.honolulu.hi.us/parks/programs/pom,,(808) 522-7088,
Waialua Farmers' Market,,,,,,,8:30 AM to 12:00 PM,8:30 AM to 12:00 PM,,,,Waialua Sugar Mill,Oahu,"(21.304850435000446, -157.85774940299973)",,Edith Ramiscal,,info@sugarmillhawaii.com
Waianae Farmers' Market (sponsored by Waianae Coast Comprehensive Center),,,,,,,8:30 AM to 11:30 AM,8:30 AM to 11:30 AM,,85-251 Farrington Highway,Waianae,"Waianae High School, Cafeteria Lanai",Oahu,"(21.455940520000468, -158.19946945199973)",www.waianaefarmersmarket.org,Desiree,(808) 388-7386,waianaefarmersmarket@wcchc.com
Waiau District Park (People's Open Market),,,6:30 AM to 7:30 AM,,,,,6:30 AM to 7:30 AM,,,Pearl City,"Komo Mai Drive, Pearl City",Oahu,"(21.393800202000477, -157.96977976199975)",www.co.honolulu.hi.us/parks/programs/pom,,(808) 522-7088,
Waikele Community Park (People's Open Market),11:30 AM to 12:30 PM,,,,,,,11:30 AM to 12:30 PM,,94-870 Lumiaina Street,Waipahu,,Oahu,"(21.40006058600045, -158.00463924399975)",www.co.honolulu.hi.us/parks/programs/pom,,(808) 522-7088,
Waikiki Farmers' Market,,,7:00 AM to 1:00 PM,,,7:00 AM to 1:00 PM,,7:00 AM to 1:00 PM,,,,Waikiki Community Center's Parking Lot,Oahu,"(21.304850435000446, -157.85774940299973)",,,(808) 923-1802,
Waikoloa Village Farmers Market,,,,,,,7:15 AM to 10:00 AM,7:15 AM to 10:00 AM,,68-3625 Paniolo Ave,Waikoloa,Waikoloa Community Church Parking Lot,Hawaii,"(19.942734768000435, -155.79099041899974)",,,,
Waimanalo Beach Park (People's Open Market),,,,,7:15 AM to 8:15 AM,,,7:15 AM to 8:15 AM,,41-741 Kalanianaole Highway,Waimanalo,,Oahu,"(21.329640001000428, -157.69172889999973)",www.co.honolulu.hi.us/parks/programs/pom,,(808) 522-7088,
Waimea Town Market at Parker School,,,,,,,7:00 AM to 2:00 PM,7:00 AM to 2:00 PM,,,,Behind Paniolo Country Inn,Hawaii,,,,,
Waipahu District Park (People's Open Market),,,8:15 AM to 9:15 AM,,,,,8:15 AM to 9:15 AM,,94-230 Paiwa Street,Waipahu,,Oahu,"(21.38803075800047, -157.99936985699975)",www.co.honolulu.hi.us/parks/programs/pom,,(808) 522-7088,
Ward Center,,,8:00 AM to 1:00 PM,,,,,8:00 AM to 1:00 PM,,,,"Parking lot across from Ward 16 Theatres, Corner of Auahi & Kamakee St.",Oahu,"(21.304850435000446, -157.85774940299973)",www.wardcenters.com,,,
West Kauai Agricultural Association,,8:00 AM,,,,,,8:00 AM,,,Poipu,Poipu Road and Cane Haul Road,Kauai,,,,,
Windward Mall,,,,3:00 PM to 8:00 PM,,,,3:00 PM to 8:00 PM,,46-056 Kamehameha Highway,Kaneohe,fronting Macy's,Oahu,"(21.42064035000044, -157.80338967099974)",www.windwardmall.com/event/farmers-market-every-Wednesday,,,
Makawao Farmers' Market,,,,10:00 AM to 5:00 PM,,,,10:00 AM to 5:00 PM,,3654 Baldwin Avenue,,,,,,,,
